{"loss": 477.670109375, "val_loss_perc": 11.661867904663085, "_timestamp": 1708364447.2476225, "_runtime": 136.24101758003235, "_step": 0}