{"loss": 484.80182421875, "val_loss_perc": 11.835982036590577, "_timestamp": 1708370098.3102453, "_runtime": 5787.303640365601, "_step": 59}